{
 "ALP": [
  12.0, 
  29.0, 
  82.0, 
  708.0, 
  2205.0, 
  117.2763053483574, 
  128.99251539955591, 
  6301
 ], 
 "ALT": [
  1.0, 
  6.0, 
  43.0, 
  5794.3000000000166, 
  16920.0, 
  354.62390801049543, 
  1093.8499098842144, 
  6479
 ], 
 "AST": [
  4.0, 
  11.0, 
  62.0, 
  7915.7200000000157, 
  18430.0, 
  474.72651550208235, 
  1423.2660324054764, 
  6483
 ], 
 "Age": [
  15.0, 
  20.0, 
  67.0, 
  90.0, 
  90.0, 
  64.429749999999999, 
  17.351543589476414, 
  8000
 ], 
 "Albumin": [
  1.0, 
  1.3999999999999999, 
  2.8999999999999999, 
  4.2999999999999998, 
  5.2999999999999998, 
  2.8959633791094466, 
  0.64663437528851631, 
  4806
 ], 
 "BUN": [
  0.0, 
  4.0, 
  20.0, 
  118.0, 
  209.0, 
  27.349135109864424, 
  22.892489229063621, 
  27807
 ], 
 "Bilirubin": [
  0.0, 
  0.20000000000000001, 
  0.90000000000000002, 
  30.561999999999898, 
  59.399999999999999, 
  2.8480828220858894, 
  5.5949379514215405, 
  6520
 ], 
 "Cholesterol": [
  28.0, 
  71.5, 
  152.0, 
  291.39999999999964, 
  360.0, 
  156.0134128166915, 
  44.023447202074877, 
  671
 ], 
 "Creatinine": [
  0.10000000000000001, 
  0.29999999999999999, 
  1.0, 
  8.4000000000000004, 
  22.100000000000001, 
  1.470138143296829, 
  1.5447520175109002, 
  27942
 ], 
 "DiasABP": [
  0.0, 
  33.0, 
  58.0, 
  96.0, 
  272.0, 
  59.282236091261474, 
  13.336736593160824, 
  291777
 ], 
 "FiO2": [
  0.20999999999999999, 
  0.29999999999999999, 
  0.5, 
  1.0, 
  1.0, 
  0.54637004735780936, 
  0.19236811679992682, 
  63981
 ], 
 "GCS": [
  3.0, 
  3.0, 
  13.0, 
  15.0, 
  15.0, 
  11.420377188247709, 
  3.9916847748031419, 
  124129
 ], 
 "Gender": {
  "0": 3493, 
  "1": 4499
 }, 
 "Glucose": [
  8.0, 
  59.0, 
  127.0, 
  378.0, 
  1289.0, 
  141.11591212989495, 
  65.024077627832952, 
  26175
 ], 
 "HCO3": [
  5.0, 
  11.0, 
  23.0, 
  35.0, 
  52.0, 
  23.142905417814507, 
  4.725402785486696, 
  27225
 ], 
 "HCT": [
  5.0, 
  20.0, 
  30.300000000000001, 
  44.100000000000001, 
  61.799999999999997, 
  30.68599019340779, 
  5.0183011967762061, 
  36710
 ], 
 "HR": [
  0.0, 
  51.0, 
  86.0, 
  138.0, 
  300.0, 
  87.527572931067681, 
  18.564170613826118, 
  457144
 ], 
 "Height": [
  1.8, 
  142.19999999999999, 
  170.19999999999999, 
  193.0, 
  462.30000000000001, 
  169.72456896551725, 
  17.376711299887845, 
  4176
 ], 
 "ICUType": {
  "1": 1167, 
  "2": 1656, 
  "3": 2917, 
  "4": 2260
 }, 
 "K": [
  1.8, 
  2.7999999999999998, 
  4.0999999999999996, 
  6.2000000000000002, 
  22.899999999999999, 
  4.1317621190778855, 
  0.6883954325684829, 
  29107
 ], 
 "Lactate": [
  0.29999999999999999, 
  0.69999999999999996, 
  2.1000000000000001, 
  13.4, 
  31.0, 
  3.0018265089475284, 
  2.6066965150345394, 
  16485
 ], 
 "MAP": [
  0.0, 
  51.0, 
  77.0, 
  128.0, 
  300.0, 
  79.759552457411928, 
  17.034700880611673, 
  292218
 ], 
 "MechVent": {
  "1": 61359
 }, 
 "Mg": [
  0.0, 
  1.2, 
  2.0, 
  3.2000000000000002, 
  21.0, 
  2.0239362987369578, 
  0.45163904603412042, 
  27315
 ], 
 "NIDiasABP": [
  0.0, 
  27.0, 
  57.0, 
  99.0, 
  211.0, 
  58.337344028520498, 
  15.528957295211141, 
  197472
 ], 
 "NIMAP": [
  0.0, 
  46.670000000000002, 
  75.670000000000002, 
  119.3, 
  218.0, 
  77.218096110991297, 
  15.659208480385429, 
  194754
 ], 
 "NISysABP": [
  0.0, 
  75.0, 
  117.0, 
  182.0, 
  300.0, 
  119.28639678181148, 
  23.467639108037055, 
  197751
 ], 
 "Na": [
  98.0, 
  126.0, 
  139.0, 
  153.0, 
  177.0, 
  139.13887362134037, 
  5.1524971826147015, 
  27291
 ], 
 "PaCO2": [
  0.0, 
  23.0, 
  39.0, 
  74.0, 
  100.0, 
  40.461086424034853, 
  9.2553043718294035, 
  46133
 ], 
 "PaO2": [
  0.0, 
  52.0, 
  121.0, 
  447.0, 
  500.0, 
  150.48541483862559, 
  89.094814033098132, 
  46042
 ], 
 "Platelets": [
  5.0, 
  28.0, 
  172.0, 
  559.47999999999956, 
  2292.0, 
  189.75327381998383, 
  108.04548945727501, 
  28453
 ], 
 "RespRate": [
  0.0, 
  9.0, 
  19.0, 
  36.0, 
  100.0, 
  19.672058163540076, 
  5.5243212340573402, 
  111410
 ], 
 "SaO2": [
  1.0600000000000001, 
  85.0, 
  97.0, 
  100.0, 
  100.0, 
  96.667221905305212, 
  3.437985527131147, 
  15777
 ], 
 "SysABP": [
  0.0, 
  70.0, 
  116.0, 
  186.0, 
  295.0, 
  119.00361071429795, 
  25.250663183309431, 
  291909
 ], 
 "Temp": [
  -17.800000000000001, 
  34.700000000000003, 
  37.100000000000001, 
  39.100000000000001, 
  42.200000000000003, 
  37.018790690056569, 
  1.6478145625725342, 
  170957
 ], 
 "TroponinI": [
  0.29999999999999999, 
  0.29999999999999999, 
  3.1000000000000001, 
  44.119999999999983, 
  49.600000000000001, 
  7.9483353884093715, 
  10.624408607768554, 
  811
 ], 
 "TroponinT": [
  0.01, 
  0.01, 
  0.17999999999999999, 
  13.767200000000049, 
  24.91, 
  1.1272589057043072, 
  2.6474131050078622, 
  4295
 ], 
 "Urine": [
  0.0, 
  0.0, 
  70.0, 
  725.0, 
  19990.0, 
  120.89202637561533, 
  180.16332151919983, 
  274041
 ], 
 "WBC": [
  0.0, 
  1.5, 
  11.4, 
  38.299999999999997, 
  12500.0, 
  13.361231828320896, 
  78.190270406891202, 
  26002
 ], 
 "Weight": [
  0.0, 
  43.299999999999997, 
  80.0, 
  163.0, 
  472.0, 
  83.527929244368622, 
  24.572983228121366, 
  257930
 ], 
 "pH": [
  0.0, 
  7.1399999999999997, 
  7.3799999999999999, 
  7.5300000000000002, 
  735.0, 
  7.4340603985056033, 
  5.8769161872732294, 
  48180
 ]
}