{
 "ALP": {
  "max": 708.0, 
  "min": 29.0, 
  "normal": 82.0
 }, 
 "ALT": {
  "max": 5794.3000000000166, 
  "min": 6.0, 
  "normal": 43.0
 }, 
 "AST": {
  "max": 7915.7200000000157, 
  "min": 11.0, 
  "normal": 62.0
 }, 
 "Age": {
  "max": 90.0, 
  "min": 20.0, 
  "normal": 67.0
 }, 
 "Albumin": {
  "max": 4.2999999999999998, 
  "min": 1.3999999999999999, 
  "normal": 2.8999999999999999
 }, 
 "BUN": {
  "max": 118.0, 
  "min": 4.0, 
  "normal": 20.0
 }, 
 "Bilirubin": {
  "max": 30.561999999999898, 
  "min": 0.20000000000000001, 
  "normal": 0.90000000000000002
 }, 
 "Cholesterol": {
  "max": 291.39999999999964, 
  "min": 71.5, 
  "normal": 152.0
 }, 
 "Creatinine": {
  "max": 8.4000000000000004, 
  "min": 0.29999999999999999, 
  "normal": 1.0
 }, 
 "DiasABP": {
  "max": 96.0, 
  "min": 33.0, 
  "normal": 58.0
 }, 
 "FiO2": {
  "max": 1.0, 
  "min": 0.29999999999999999, 
  "normal": 0.5
 }, 
 "GCS": {
  "max": 15.0, 
  "min": 3.0, 
  "normal": 13.0
 }, 
 "Gender": {
  "0": [
   "Gender0", 
   0
  ], 
  "1": [
   "Gender1", 
   1
  ]
 }, 
 "Glucose": {
  "max": 378.0, 
  "min": 59.0, 
  "normal": 127.0
 }, 
 "HCO3": {
  "max": 35.0, 
  "min": 11.0, 
  "normal": 23.0
 }, 
 "HCT": {
  "max": 44.100000000000001, 
  "min": 20.0, 
  "normal": 30.300000000000001
 }, 
 "HR": {
  "max": 138.0, 
  "min": 51.0, 
  "normal": 86.0
 }, 
 "Height": {
  "max": 193.0, 
  "min": 142.19999999999999, 
  "normal": 170.19999999999999
 }, 
 "ICUType": {
  "1": [
   "ICUType1", 
   0
  ], 
  "2": [
   "ICUType2", 
   1
  ], 
  "3": [
   "ICUType3", 
   2
  ], 
  "4": [
   "ICUType4", 
   3
  ]
 }, 
 "K": {
  "max": 6.2000000000000002, 
  "min": 2.7999999999999998, 
  "normal": 4.0999999999999996
 }, 
 "Lactate": {
  "max": 13.4, 
  "min": 0.69999999999999996, 
  "normal": 2.1000000000000001
 }, 
 "MAP": {
  "max": 128.0, 
  "min": 51.0, 
  "normal": 77.0
 }, 
 "MechVent": {
  "max": 1, 
  "min": 0, 
  "normal": 0
 }, 
 "Mg": {
  "max": 3.2000000000000002, 
  "min": 1.2, 
  "normal": 2.0
 }, 
 "NIDiasABP": {
  "max": 99.0, 
  "min": 27.0, 
  "normal": 57.0
 }, 
 "NIMAP": {
  "max": 119.3, 
  "min": 46.670000000000002, 
  "normal": 75.670000000000002
 }, 
 "NISysABP": {
  "max": 182.0, 
  "min": 75.0, 
  "normal": 117.0
 }, 
 "Na": {
  "max": 153.0, 
  "min": 126.0, 
  "normal": 139.0
 }, 
 "PaCO2": {
  "max": 74.0, 
  "min": 23.0, 
  "normal": 39.0
 }, 
 "PaO2": {
  "max": 447.0, 
  "min": 52.0, 
  "normal": 121.0
 }, 
 "Platelets": {
  "max": 559.47999999999956, 
  "min": 28.0, 
  "normal": 172.0
 }, 
 "RespRate": {
  "max": 36.0, 
  "min": 9.0, 
  "normal": 19.0
 }, 
 "SaO2": {
  "max": 100.0, 
  "min": 85.0, 
  "normal": 97.0
 }, 
 "SysABP": {
  "max": 186.0, 
  "min": 70.0, 
  "normal": 116.0
 }, 
 "Temp": {
  "max": 39.100000000000001, 
  "min": 34.700000000000003, 
  "normal": 37.100000000000001
 }, 
 "TroponinI": {
  "max": 44.119999999999983, 
  "min": 0.29999999999999999, 
  "normal": 3.1000000000000001
 }, 
 "TroponinT": {
  "max": 13.767200000000049, 
  "min": 0.01, 
  "normal": 0.17999999999999999
 }, 
 "Urine": {
  "max": 725.0, 
  "min": 0.0, 
  "normal": 70.0
 }, 
 "WBC": {
  "max": 38.299999999999997, 
  "min": 1.5, 
  "normal": 11.4
 }, 
 "Weight": {
  "max": 163.0, 
  "min": 43.299999999999997, 
  "normal": 80.0
 }, 
 "pH": {
  "max": 7.5300000000000002, 
  "min": 7.1399999999999997, 
  "normal": 7.3799999999999999
 }
}